[{"model": "foodcartapp.restaurant", "pk": 1, "fields": {"name": "Star Burger Арбат", "address": "Москва, ул. Новый Арбат, 15", "contact_phone": "+7 (967) 157-44-13"}}, {"model": "foodcartapp.restaurant", "pk": 2, "fields": {"name": "Star Burger Цветной", "address": "Москва, Цветной бульвар, 11с2", "contact_phone": "+7 (929) 949-55-36"}}, {"model": "foodcartapp.restaurant", "pk": 3, "fields": {"name": "Star Burger Европейский", "address": "Москва, пл. Киевского Вокзала, 2", "contact_phone": "+7 (929) 680-47-58"}}, {"model": "foodcartapp.productcategory", "pk": 1, "fields": {"name": "Бургер"}}, {"model": "foodcartapp.productcategory", "pk": 2, "fields": {"name": "Ролл"}}, {"model": "foodcartapp.product", "pk": 1, "fields": {"name": "Стейкхаус", "category": 1, "price": "269.00", "image": "steak.jpg", "special_status": false, "description": "Стейкхаус – это сочетание нашей фирменной, приготовленной на огне 100% говядины с ломтиками бекона и соусом «Барбекю», майонезом, листьями свежего салата, помидором и хрустящим луком на воздушной було"}}, {"model": "foodcartapp.product", "pk": 2, "fields": {"name": "Лонг Чизбургер", "category": 1, "price": "218.00", "image": "long_chiz.jpg", "special_status": false, "description": "Лонг Чизбургер – эталон в коллекции чизбургеров! Два приготовленных на огне бифштекса с двумя ломтиками слегка расплавленного сыра, хрустящими огурчиками, рубленым луком, горчицей и кетчупом на длинно"}}, {"model": "foodcartapp.product", "pk": 3, "fields": {"name": "Фиш Ролл", "category": 2, "price": "199.00", "image": "fish_roll.jpg", "special_status": false, "description": "Наш новый ролл с аппетитной котлеткой из филе белой рыбы, с фирменным соусом, маринованными огурчиками и хрустящим салатом. Легкое рыбное удовольствие!"}}, {"model": "foodcartapp.product", "pk": 4, "fields": {"name": "Тройной Воппер", "category": 1, "price": "369.00", "image": "triple_vopper.jpg", "special_status": false, "description": "ВОППЕР® — это вкуснейшая приготовленная на огне 100% говядина с сочными помидорами, свежим нарезанным листовым салатом, густым майонезом, хрустящими маринованными огурчиками и свежим луком на нежной б"}}, {"model": "foodcartapp.product", "pk": 5, "fields": {"name": "Беконайзер", "category": 1, "price": "319.00", "image": "beconizer.jpg", "special_status": false, "description": "Встречай самый внушительный бургер в коллекции Бургер Кинг. Много мяса, много бекона и много сыра - все, как ты любишь, и ничего лишнего!"}}, {"model": "foodcartapp.product", "pk": 6, "fields": {"name": "Шримп Ролл", "category": 2, "price": "209.00", "image": "shrimp_roll.jpg", "special_status": false, "description": "Легкий ролл с нежными королевскими креветками в хрустящей панировке, свежий салат Айсберг и ломтик сыра в пшеничной лепешке под фирменным соусом «Кинг». Внимание! Блюдо содержит аллергены – морепродук"}}, {"model": "foodcartapp.restaurantmenuitem", "pk": 1, "fields": {"restaurant": 1, "product": 1, "availability": true}}, {"model": "foodcartapp.restaurantmenuitem", "pk": 2, "fields": {"restaurant": 2, "product": 1, "availability": true}}, {"model": "foodcartapp.restaurantmenuitem", "pk": 3, "fields": {"restaurant": 3, "product": 2, "availability": true}}, {"model": "foodcartapp.restaurantmenuitem", "pk": 4, "fields": {"restaurant": 2, "product": 3, "availability": true}}, {"model": "foodcartapp.restaurantmenuitem", "pk": 5, "fields": {"restaurant": 3, "product": 3, "availability": true}}, {"model": "foodcartapp.restaurantmenuitem", "pk": 6, "fields": {"restaurant": 1, "product": 4, "availability": true}}, {"model": "foodcartapp.restaurantmenuitem", "pk": 7, "fields": {"restaurant": 3, "product": 4, "availability": true}}, {"model": "foodcartapp.restaurantmenuitem", "pk": 8, "fields": {"restaurant": 1, "product": 5, "availability": true}}, {"model": "foodcartapp.restaurantmenuitem", "pk": 9, "fields": {"restaurant": 2, "product": 5, "availability": true}}, {"model": "foodcartapp.restaurantmenuitem", "pk": 10, "fields": {"restaurant": 2, "product": 6, "availability": true}}, {"model": "foodcartapp.restaurantmenuitem", "pk": 11, "fields": {"restaurant": 1, "product": 2, "availability": true}}, {"model": "foodcartapp.order", "pk": 56, "fields": {"status": "not_processed", "payment": "cash", "firstname": "Den", "lastname": "Petrov", "address": "lacnfsoew30rfcn23i2oinvf m950432p3qjw0acd98v0o34", "phone_number": "+79652943192", "comment": "", "registrated": "2021-05-23T10:40:19Z", "called": null, "delivered": null, "restaurant": 1}}, {"model": "foodcartapp.order", "pk": 57, "fields": {"status": "not_processed", "payment": "cash", "firstname": "D", "lastname": "P", "address": "dsrjgwnesfrjefacdli2y3t794ghubvdfjf3u2t74g9ervubch", "phone_number": "+79652943192", "comment": "", "registrated": "2021-05-23T10:40:19Z", "called": null, "delivered": null, "restaurant": 1}}, {"model": "foodcartapp.order", "pk": 60, "fields": {"status": "not_processed", "payment": "cash", "firstname": "awggjdjdghgsbdg", "lastname": "b", "address": "Одинцово Дениса давыдова 10", "phone_number": "+79652943192", "comment": "", "registrated": "2021-05-23T10:40:19Z", "called": null, "delivered": null, "restaurant": null}}, {"model": "foodcartapp.order", "pk": 61, "fields": {"status": "not_processed", "payment": "cash", "firstname": "Tatiana", "lastname": "Kravchuk", "address": "Denisa Davidova 10, 25", "phone_number": "+79254680037", "comment": "во как, без помидоров!!!", "registrated": "2021-05-23T10:40:19.698Z", "called": null, "delivered": null, "restaurant": null}}, {"model": "foodcartapp.order", "pk": 62, "fields": {"status": "not_processed", "payment": "cash", "firstname": "Denis", "lastname": "Petrovskii", "address": "ог09479309щоаушыор9020н", "phone_number": "+79652943192", "comment": "", "registrated": "2021-05-23T10:40:19Z", "called": null, "delivered": null, "restaurant": null}}, {"model": "foodcartapp.order", "pk": 63, "fields": {"status": "not_processed", "payment": "not_defined", "firstname": "Денис", "lastname": "Петровский", "address": "sdrgkjbweofve984utrgd", "phone_number": "+79652943192", "comment": "", "registrated": "2021-07-12T16:37:39Z", "called": null, "delivered": null, "restaurant": null}}, {"model": "foodcartapp.order", "pk": 64, "fields": {"status": "not_processed", "payment": "not_defined", "firstname": "Denis", "lastname": "Petrovskii", "address": "9375yutgjg8438942yfjicd859302w", "phone_number": "+79652943192", "comment": "", "registrated": "2021-07-12T17:17:10Z", "called": null, "delivered": null, "restaurant": null}}, {"model": "foodcartapp.order", "pk": 65, "fields": {"status": "not_processed", "payment": "not_defined", "firstname": "Tatiana", "lastname": "Kravchuk", "address": "дыуптжвыьтыдуерзжыатслдовпк", "phone_number": "+79254680037", "comment": "", "registrated": "2021-07-12T17:18:02Z", "called": null, "delivered": null, "restaurant": null}}, {"model": "foodcartapp.order", "pk": 66, "fields": {"status": "not_processed", "payment": "not_defined", "firstname": "Denis", "lastname": "Petrovskii", "address": "Можайское шоссе, 89", "phone_number": "+79652943192", "comment": "", "registrated": "2021-07-12T17:21:07.868Z", "called": null, "delivered": null, "restaurant": null}}, {"model": "foodcartapp.orderitem", "pk": 70, "fields": {"order": 56, "product": 2, "quantity": 1, "price": "200.00"}}, {"model": "foodcartapp.orderitem", "pk": 71, "fields": {"order": 56, "product": 1, "quantity": 1, "price": "250.00"}}, {"model": "foodcartapp.orderitem", "pk": 72, "fields": {"order": 57, "product": 2, "quantity": 1, "price": "200.00"}}, {"model": "foodcartapp.orderitem", "pk": 73, "fields": {"order": 57, "product": 1, "quantity": 1, "price": "200.00"}}, {"model": "foodcartapp.orderitem", "pk": 75, "fields": {"order": 60, "product": 2, "quantity": 1, "price": "218.00"}}, {"model": "foodcartapp.orderitem", "pk": 76, "fields": {"order": 60, "product": 1, "quantity": 2, "price": "269.00"}}, {"model": "foodcartapp.orderitem", "pk": 77, "fields": {"order": 61, "product": 1, "quantity": 2, "price": "250.00"}}, {"model": "foodcartapp.orderitem", "pk": 78, "fields": {"order": 61, "product": 2, "quantity": 1, "price": "200.00"}}, {"model": "foodcartapp.orderitem", "pk": 79, "fields": {"order": 61, "product": 4, "quantity": 1, "price": "300.00"}}, {"model": "foodcartapp.orderitem", "pk": 80, "fields": {"order": 62, "product": 1, "quantity": 1, "price": "269.00"}}, {"model": "foodcartapp.orderitem", "pk": 82, "fields": {"order": 63, "product": 2, "quantity": 1, "price": "218.00"}}, {"model": "foodcartapp.orderitem", "pk": 83, "fields": {"order": 64, "product": 1, "quantity": 5, "price": "269.00"}}, {"model": "foodcartapp.orderitem", "pk": 84, "fields": {"order": 65, "product": 4, "quantity": 1, "price": "369.00"}}, {"model": "foodcartapp.orderitem", "pk": 85, "fields": {"order": 65, "product": 2, "quantity": 1, "price": "218.00"}}, {"model": "foodcartapp.orderitem", "pk": 86, "fields": {"order": 65, "product": 1, "quantity": 1, "price": "269.00"}}, {"model": "foodcartapp.orderitem", "pk": 87, "fields": {"order": 66, "product": 4, "quantity": 1, "price": "369.00"}}, {"model": "foodcartapp.orderitem", "pk": 88, "fields": {"order": 66, "product": 2, "quantity": 1, "price": "218.00"}}, {"model": "location.place", "pk": 1, "fields": {"address": "Denisa Davidova 10, 25", "latitude": null, "longitude": null, "received_at": "2021-07-22T13:27:41.945Z"}}, {"model": "location.place", "pk": 2, "fields": {"address": "Москва, ул. Новый Арбат, 15", "latitude": 55.752141, "longitude": 37.59242, "received_at": "2021-07-22T13:27:41.947Z"}}, {"model": "location.place", "pk": 3, "fields": {"address": "Одинцово Дениса давыдова 10 25", "latitude": 55.658703, "longitude": 37.228548, "received_at": "2021-07-22T13:27:41.948Z"}}, {"model": "location.place", "pk": 4, "fields": {"address": "Москва, Цветной бульвар, 11с2", "latitude": 55.770076, "longitude": 37.620429, "received_at": "2021-07-22T13:27:41.948Z"}}, {"model": "location.place", "pk": 5, "fields": {"address": "москва Можайское шоссе, 4к1", "latitude": null, "longitude": null, "received_at": "2021-07-22T13:27:41.948Z"}}, {"model": "location.place", "pk": 6, "fields": {"address": "москва Можайское шоссе, 4к2", "latitude": 55.723648, "longitude": 37.440407, "received_at": "2021-05-29T11:46:18.064Z"}}, {"model": "location.place", "pk": 7, "fields": {"address": "москва Герасима Курина, 12к3", "latitude": 55.733533, "longitude": 37.479483, "received_at": "2021-05-29T11:46:54.312Z"}}, {"model": "location.place", "pk": 8, "fields": {"address": "Москва, пл. Киевского Вокзала, 2", "latitude": 55.744637, "longitude": 37.566072, "received_at": "2021-07-12T17:03:51.284Z"}}, {"model": "location.place", "pk": 9, "fields": {"address": "Одинцово Denisa Davidova 12", "latitude": 55.357936, "longitude": 37.738468, "received_at": "2021-07-12T17:21:50.590Z"}}, {"model": "location.place", "pk": 10, "fields": {"address": "Москва, ул. Новый Арбат, 16", "latitude": 55.753119, "longitude": 37.591566, "received_at": "2021-07-12T17:21:51.056Z"}}, {"model": "location.place", "pk": 11, "fields": {"address": "Можайское шоссе, 89", "latitude": 55.680174, "longitude": 37.283624, "received_at": "2021-07-12T17:21:51.486Z"}}, {"model": "location.place", "pk": 12, "fields": {"address": "лцрфзпаищдподшвм", "latitude": null, "longitude": null, "received_at": "2021-07-12T17:42:07.061Z"}}, {"model": "location.place", "pk": 13, "fields": {"address": "дыуптжвыьтыдуерзжыатслдовпк", "latitude": null, "longitude": null, "received_at": "2021-07-12T17:44:13.228Z"}}, {"model": "location.place", "pk": 14, "fields": {"address": "ог09479309щоаушыор9020н", "latitude": null, "longitude": null, "received_at": "2021-07-12T17:47:38.931Z"}}, {"model": "location.place", "pk": 15, "fields": {"address": "sdrgkjbweofve984utrgd", "latitude": null, "longitude": null, "received_at": "2021-07-13T04:31:40.704Z"}}, {"model": "location.place", "pk": 16, "fields": {"address": "9375yutgjg8438942yfjicd859302w", "latitude": null, "longitude": null, "received_at": "2021-07-13T04:34:13.320Z"}}, {"model": "location.place", "pk": 17, "fields": {"address": "aseeggiwnolnga;f", "latitude": 40.643132, "longitude": -73.790348, "received_at": "2021-07-13T04:41:27.644Z"}}, {"model": "location.place", "pk": 18, "fields": {"address": "lacnfsoew30rfcn23i2oinvf m950432p3qjw0acd98v0o34", "latitude": null, "longitude": null, "received_at": "2021-07-13T04:41:48.563Z"}}, {"model": "location.place", "pk": 19, "fields": {"address": "klvnwsil8yrt94o3nfvyc892h3newfsdu8y8hu3o2hwre9fyfh", "latitude": null, "longitude": null, "received_at": "2021-07-13T04:46:40.426Z"}}, {"model": "location.place", "pk": 20, "fields": {"address": "lsdnpgwiu9303rjfevnc289894efbgijw0235et", "latitude": null, "longitude": null, "received_at": "2021-07-13T04:49:27.420Z"}}, {"model": "location.place", "pk": 21, "fields": {"address": "dsnoiu90234thruwsp01824oglrver9092o3i5ht", "latitude": null, "longitude": null, "received_at": "2021-07-13T04:50:46.040Z"}}, {"model": "location.place", "pk": 22, "fields": {"address": "sd;mngpo;qkqdofaepsvmp9034ugjpf2po34566", "latitude": null, "longitude": null, "received_at": "2021-07-13T04:53:17.006Z"}}, {"model": "location.place", "pk": 23, "fields": {"address": "dsrjgwnesfrjefacdli2y3t794ghubvdfjf3u2t74g9ervubch", "latitude": null, "longitude": null, "received_at": "2021-07-13T04:59:38.364Z"}}, {"model": "location.place", "pk": 24, "fields": {"address": "Одинцово Дениса давыдова 10", "latitude": 55.658703, "longitude": 37.228548, "received_at": "2021-07-15T16:53:02.478Z"}}, {"model": "admin.logentry", "pk": 1, "fields": {"action_time": "2021-05-20T07:47:58.711Z", "user": 1, "content_type": 4, "object_id": "1", "object_repr": "Бургер", "action_flag": 1, "change_message": "[{\"added\": {}}]"}}, {"model": "admin.logentry", "pk": 2, "fields": {"action_time": "2021-05-20T07:48:08.920Z", "user": 1, "content_type": 4, "object_id": "2", "object_repr": "Ролл", "action_flag": 1, "change_message": "[{\"added\": {}}]"}}, {"model": "admin.logentry", "pk": 3, "fields": {"action_time": "2021-05-20T07:48:48.340Z", "user": 1, "content_type": 2, "object_id": "1", "object_repr": "Star Burger Арбат", "action_flag": 1, "change_message": "[{\"added\": {}}]"}}, {"model": "admin.logentry", "pk": 4, "fields": {"action_time": "2021-05-20T07:49:10.543Z", "user": 1, "content_type": 2, "object_id": "2", "object_repr": "Star Burger Цветной", "action_flag": 1, "change_message": "[{\"added\": {}}]"}}, {"model": "admin.logentry", "pk": 5, "fields": {"action_time": "2021-05-20T07:49:29.277Z", "user": 1, "content_type": 2, "object_id": "3", "object_repr": "Star Burger Европейский", "action_flag": 1, "change_message": "[{\"added\": {}}]"}}, {"model": "admin.logentry", "pk": 6, "fields": {"action_time": "2021-05-20T07:50:51.949Z", "user": 1, "content_type": 1, "object_id": "1", "object_repr": "Стейкхаус", "action_flag": 1, "change_message": "[{\"added\": {}}, {\"added\": {\"name\": \"\\u043f\\u0443\\u043d\\u043a\\u0442 \\u043c\\u0435\\u043d\\u044e \\u0440\\u0435\\u0441\\u0442\\u043e\\u0440\\u0430\\u043d\\u0430\", \"object\": \"Star Burger \\u0410\\u0440\\u0431\\u0430\\u0442 - \\u0421\\u0442\\u0435\\u0439\\u043a\\u0445\\u0430\\u0443\\u0441\"}}, {\"added\": {\"name\": \"\\u043f\\u0443\\u043d\\u043a\\u0442 \\u043c\\u0435\\u043d\\u044e \\u0440\\u0435\\u0441\\u0442\\u043e\\u0440\\u0430\\u043d\\u0430\", \"object\": \"Star Burger \\u0426\\u0432\\u0435\\u0442\\u043d\\u043e\\u0439 - \\u0421\\u0442\\u0435\\u0439\\u043a\\u0445\\u0430\\u0443\\u0441\"}}]"}}, {"model": "admin.logentry", "pk": 7, "fields": {"action_time": "2021-05-20T07:51:24.727Z", "user": 1, "content_type": 1, "object_id": "2", "object_repr": "Лонг Чизбургер", "action_flag": 1, "change_message": "[{\"added\": {}}, {\"added\": {\"name\": \"\\u043f\\u0443\\u043d\\u043a\\u0442 \\u043c\\u0435\\u043d\\u044e \\u0440\\u0435\\u0441\\u0442\\u043e\\u0440\\u0430\\u043d\\u0430\", \"object\": \"Star Burger \\u0415\\u0432\\u0440\\u043e\\u043f\\u0435\\u0439\\u0441\\u043a\\u0438\\u0439 - \\u041b\\u043e\\u043d\\u0433 \\u0427\\u0438\\u0437\\u0431\\u0443\\u0440\\u0433\\u0435\\u0440\"}}]"}}, {"model": "admin.logentry", "pk": 8, "fields": {"action_time": "2021-05-20T07:52:07.798Z", "user": 1, "content_type": 1, "object_id": "3", "object_repr": "Фиш Ролл", "action_flag": 1, "change_message": "[{\"added\": {}}, {\"added\": {\"name\": \"\\u043f\\u0443\\u043d\\u043a\\u0442 \\u043c\\u0435\\u043d\\u044e \\u0440\\u0435\\u0441\\u0442\\u043e\\u0440\\u0430\\u043d\\u0430\", \"object\": \"Star Burger \\u0426\\u0432\\u0435\\u0442\\u043d\\u043e\\u0439 - \\u0424\\u0438\\u0448 \\u0420\\u043e\\u043b\\u043b\"}}, {\"added\": {\"name\": \"\\u043f\\u0443\\u043d\\u043a\\u0442 \\u043c\\u0435\\u043d\\u044e \\u0440\\u0435\\u0441\\u0442\\u043e\\u0440\\u0430\\u043d\\u0430\", \"object\": \"Star Burger \\u0415\\u0432\\u0440\\u043e\\u043f\\u0435\\u0439\\u0441\\u043a\\u0438\\u0439 - \\u0424\\u0438\\u0448 \\u0420\\u043e\\u043b\\u043b\"}}]"}}, {"model": "admin.logentry", "pk": 9, "fields": {"action_time": "2021-05-20T07:53:22.455Z", "user": 1, "content_type": 1, "object_id": "4", "object_repr": "Тройной Воппер", "action_flag": 1, "change_message": "[{\"added\": {}}, {\"added\": {\"name\": \"\\u043f\\u0443\\u043d\\u043a\\u0442 \\u043c\\u0435\\u043d\\u044e \\u0440\\u0435\\u0441\\u0442\\u043e\\u0440\\u0430\\u043d\\u0430\", \"object\": \"Star Burger \\u0410\\u0440\\u0431\\u0430\\u0442 - \\u0422\\u0440\\u043e\\u0439\\u043d\\u043e\\u0439 \\u0412\\u043e\\u043f\\u043f\\u0435\\u0440\"}}, {\"added\": {\"name\": \"\\u043f\\u0443\\u043d\\u043a\\u0442 \\u043c\\u0435\\u043d\\u044e \\u0440\\u0435\\u0441\\u0442\\u043e\\u0440\\u0430\\u043d\\u0430\", \"object\": \"Star Burger \\u0415\\u0432\\u0440\\u043e\\u043f\\u0435\\u0439\\u0441\\u043a\\u0438\\u0439 - \\u0422\\u0440\\u043e\\u0439\\u043d\\u043e\\u0439 \\u0412\\u043e\\u043f\\u043f\\u0435\\u0440\"}}]"}}, {"model": "admin.logentry", "pk": 10, "fields": {"action_time": "2021-05-20T07:53:46.469Z", "user": 1, "content_type": 1, "object_id": "5", "object_repr": "Беконайзер", "action_flag": 1, "change_message": "[{\"added\": {}}, {\"added\": {\"name\": \"\\u043f\\u0443\\u043d\\u043a\\u0442 \\u043c\\u0435\\u043d\\u044e \\u0440\\u0435\\u0441\\u0442\\u043e\\u0440\\u0430\\u043d\\u0430\", \"object\": \"Star Burger \\u0410\\u0440\\u0431\\u0430\\u0442 - \\u0411\\u0435\\u043a\\u043e\\u043d\\u0430\\u0439\\u0437\\u0435\\u0440\"}}, {\"added\": {\"name\": \"\\u043f\\u0443\\u043d\\u043a\\u0442 \\u043c\\u0435\\u043d\\u044e \\u0440\\u0435\\u0441\\u0442\\u043e\\u0440\\u0430\\u043d\\u0430\", \"object\": \"Star Burger \\u0426\\u0432\\u0435\\u0442\\u043d\\u043e\\u0439 - \\u0411\\u0435\\u043a\\u043e\\u043d\\u0430\\u0439\\u0437\\u0435\\u0440\"}}]"}}, {"model": "admin.logentry", "pk": 11, "fields": {"action_time": "2021-05-20T07:54:29.898Z", "user": 1, "content_type": 1, "object_id": "6", "object_repr": "Шримп Ролл", "action_flag": 1, "change_message": "[{\"added\": {}}, {\"added\": {\"name\": \"\\u043f\\u0443\\u043d\\u043a\\u0442 \\u043c\\u0435\\u043d\\u044e \\u0440\\u0435\\u0441\\u0442\\u043e\\u0440\\u0430\\u043d\\u0430\", \"object\": \"Star Burger \\u0426\\u0432\\u0435\\u0442\\u043d\\u043e\\u0439 - \\u0428\\u0440\\u0438\\u043c\\u043f \\u0420\\u043e\\u043b\\u043b\"}}]"}}, {"model": "admin.logentry", "pk": 12, "fields": {"action_time": "2021-05-20T07:54:45.969Z", "user": 1, "content_type": 1, "object_id": "3", "object_repr": "Фиш Ролл", "action_flag": 2, "change_message": "[{\"changed\": {\"fields\": [\"\\u041e\\u043f\\u0438\\u0441\\u0430\\u043d\\u0438\\u0435\"]}}]"}}, {"model": "admin.logentry", "pk": 13, "fields": {"action_time": "2021-05-20T07:54:59.214Z", "user": 1, "content_type": 1, "object_id": "5", "object_repr": "Беконайзер", "action_flag": 2, "change_message": "[{\"changed\": {\"fields\": [\"\\u041e\\u043f\\u0438\\u0441\\u0430\\u043d\\u0438\\u0435\"]}}]"}}, {"model": "admin.logentry", "pk": 14, "fields": {"action_time": "2021-05-20T07:55:11.936Z", "user": 1, "content_type": 1, "object_id": "4", "object_repr": "Тройной Воппер", "action_flag": 2, "change_message": "[{\"changed\": {\"fields\": [\"\\u041e\\u043f\\u0438\\u0441\\u0430\\u043d\\u0438\\u0435\"]}}]"}}, {"model": "admin.logentry", "pk": 15, "fields": {"action_time": "2021-05-20T07:55:27.497Z", "user": 1, "content_type": 1, "object_id": "2", "object_repr": "Лонг Чизбургер", "action_flag": 2, "change_message": "[{\"changed\": {\"fields\": [\"\\u041e\\u043f\\u0438\\u0441\\u0430\\u043d\\u0438\\u0435\"]}}]"}}, {"model": "admin.logentry", "pk": 16, "fields": {"action_time": "2021-05-20T07:55:40.463Z", "user": 1, "content_type": 1, "object_id": "1", "object_repr": "Стейкхаус", "action_flag": 2, "change_message": "[{\"changed\": {\"fields\": [\"\\u041e\\u043f\\u0438\\u0441\\u0430\\u043d\\u0438\\u0435\"]}}]"}}, {"model": "admin.logentry", "pk": 17, "fields": {"action_time": "2021-05-20T09:11:03.437Z", "user": 1, "content_type": 12, "object_id": "1", "object_repr": "Денис Петровский Дениса Давыдова 10", "action_flag": 1, "change_message": "[{\"added\": {}}, {\"added\": {\"name\": \"\\u044d\\u043b\\u0435\\u043c\\u0435\\u043d\\u0442 \\u0437\\u0430\\u043a\\u0430\\u0437\\u0430\", \"object\": \"\\u0421\\u0442\\u0435\\u0439\\u043a\\u0445\\u0430\\u0443\\u0441 - \\u0414\\u0435\\u043d\\u0438\\u0441 \\u041f\\u0435\\u0442\\u0440\\u043e\\u0432\\u0441\\u043a\\u0438\\u0439 \\u0414\\u0435\\u043d\\u0438\\u0441\\u0430 \\u0414\\u0430\\u0432\\u044b\\u0434\\u043e\\u0432\\u0430 10\"}}]"}}, {"model": "admin.logentry", "pk": 18, "fields": {"action_time": "2021-05-20T12:18:26.335Z", "user": 1, "content_type": 12, "object_id": "7", "object_repr": "Денис Петровский москва", "action_flag": 3, "change_message": ""}}, {"model": "admin.logentry", "pk": 19, "fields": {"action_time": "2021-05-20T12:19:09.667Z", "user": 1, "content_type": 12, "object_id": "2", "object_repr": "Денис Петровский Дениса Давыдова 10, 25", "action_flag": 2, "change_message": "[{\"added\": {\"name\": \"\\u044d\\u043b\\u0435\\u043c\\u0435\\u043d\\u0442 \\u0437\\u0430\\u043a\\u0430\\u0437\\u0430\", \"object\": \"\\u041b\\u043e\\u043d\\u0433 \\u0427\\u0438\\u0437\\u0431\\u0443\\u0440\\u0433\\u0435\\u0440 - \\u0414\\u0435\\u043d\\u0438\\u0441 \\u041f\\u0435\\u0442\\u0440\\u043e\\u0432\\u0441\\u043a\\u0438\\u0439 \\u0414\\u0435\\u043d\\u0438\\u0441\\u0430 \\u0414\\u0430\\u0432\\u044b\\u0434\\u043e\\u0432\\u0430 10, 25\"}}]"}}, {"model": "admin.logentry", "pk": 20, "fields": {"action_time": "2021-05-20T12:19:15.443Z", "user": 1, "content_type": 12, "object_id": "2", "object_repr": "Денис Петровский Дениса Давыдова 10, 25", "action_flag": 2, "change_message": "[{\"deleted\": {\"name\": \"\\u044d\\u043b\\u0435\\u043c\\u0435\\u043d\\u0442 \\u0437\\u0430\\u043a\\u0430\\u0437\\u0430\", \"object\": \"\\u041b\\u043e\\u043d\\u0433 \\u0427\\u0438\\u0437\\u0431\\u0443\\u0440\\u0433\\u0435\\u0440 - \\u0414\\u0435\\u043d\\u0438\\u0441 \\u041f\\u0435\\u0442\\u0440\\u043e\\u0432\\u0441\\u043a\\u0438\\u0439 \\u0414\\u0435\\u043d\\u0438\\u0441\\u0430 \\u0414\\u0430\\u0432\\u044b\\u0434\\u043e\\u0432\\u0430 10, 25\"}}]"}}, {"model": "admin.logentry", "pk": 21, "fields": {"action_time": "2021-05-20T12:21:07.807Z", "user": 1, "content_type": 12, "object_id": "2", "object_repr": "Денис Петровский Дениса Давыдова 10, 25", "action_flag": 3, "change_message": ""}}, {"model": "admin.logentry", "pk": 22, "fields": {"action_time": "2021-05-20T12:51:53.068Z", "user": 1, "content_type": 12, "object_id": "11", "object_repr": "123 456 Denisa Davidova 10, 25", "action_flag": 2, "change_message": "[{\"deleted\": {\"name\": \"\\u044d\\u043b\\u0435\\u043c\\u0435\\u043d\\u0442 \\u0437\\u0430\\u043a\\u0430\\u0437\\u0430\", \"object\": \"\\u0424\\u0438\\u0448 \\u0420\\u043e\\u043b\\u043b - 123 456 Denisa Davidova 10, 25\"}}]"}}, {"model": "admin.logentry", "pk": 23, "fields": {"action_time": "2021-05-21T07:51:32.515Z", "user": 1, "content_type": 12, "object_id": "14", "object_repr": "1 2 4", "action_flag": 3, "change_message": ""}}, {"model": "admin.logentry", "pk": 24, "fields": {"action_time": "2021-05-21T08:01:29.167Z", "user": 1, "content_type": 12, "object_id": "18", "object_repr": "Tatiana Kravchuk Denisa Davidova 10, 25", "action_flag": 3, "change_message": ""}}, {"model": "admin.logentry", "pk": 25, "fields": {"action_time": "2021-05-21T08:01:29.233Z", "user": 1, "content_type": 12, "object_id": "17", "object_repr": "Tatiana Kravchuk Denisa Davidova 10, 25", "action_flag": 3, "change_message": ""}}, {"model": "admin.logentry", "pk": 26, "fields": {"action_time": "2021-05-21T08:01:29.296Z", "user": 1, "content_type": 12, "object_id": "16", "object_repr": "Denis Petrovskii Denisa Davidova 10, 25", "action_flag": 3, "change_message": ""}}, {"model": "admin.logentry", "pk": 27, "fields": {"action_time": "2021-05-21T08:01:29.358Z", "user": 1, "content_type": 12, "object_id": "15", "object_repr": "Tatiana Kravchuk Denisa Davidova 10, 25", "action_flag": 3, "change_message": ""}}, {"model": "admin.logentry", "pk": 28, "fields": {"action_time": "2021-05-21T08:01:29.421Z", "user": 1, "content_type": 12, "object_id": "13", "object_repr": "Tatiana Kravchuk Denisa Davidova 10, 25", "action_flag": 3, "change_message": ""}}, {"model": "admin.logentry", "pk": 29, "fields": {"action_time": "2021-05-21T08:01:29.485Z", "user": 1, "content_type": 12, "object_id": "12", "object_repr": "йцукен фываывауы Denisa Davidova 10, 25", "action_flag": 3, "change_message": ""}}, {"model": "admin.logentry", "pk": 30, "fields": {"action_time": "2021-05-21T08:01:29.548Z", "user": 1, "content_type": 12, "object_id": "11", "object_repr": "123 456 Denisa Davidova 10, 25", "action_flag": 3, "change_message": ""}}, {"model": "admin.logentry", "pk": 31, "fields": {"action_time": "2021-05-21T08:01:29.611Z", "user": 1, "content_type": 12, "object_id": "10", "object_repr": "йцукен фыва Denisa Davidova 10, 25", "action_flag": 3, "change_message": ""}}, {"model": "admin.logentry", "pk": 32, "fields": {"action_time": "2021-05-21T08:01:29.676Z", "user": 1, "content_type": 12, "object_id": "9", "object_repr": "Денис П Дениса Давыдова", "action_flag": 3, "change_message": ""}}, {"model": "admin.logentry", "pk": 33, "fields": {"action_time": "2021-05-21T08:01:29.740Z", "user": 1, "content_type": 12, "object_id": "8", "object_repr": "Денис Петровский Дениса Давыдова 10, 25", "action_flag": 3, "change_message": ""}}, {"model": "admin.logentry", "pk": 34, "fields": {"action_time": "2021-05-21T08:01:29.804Z", "user": 1, "content_type": 12, "object_id": "6", "object_repr": "Денис Петровский москва", "action_flag": 3, "change_message": ""}}, {"model": "admin.logentry", "pk": 35, "fields": {"action_time": "2021-05-21T08:01:29.867Z", "user": 1, "content_type": 12, "object_id": "5", "object_repr": "Денис Петровский москва", "action_flag": 3, "change_message": ""}}, {"model": "admin.logentry", "pk": 36, "fields": {"action_time": "2021-05-21T08:01:29.929Z", "user": 1, "content_type": 12, "object_id": "4", "object_repr": "sdfsd sdfsdfs jjjdsvfsf", "action_flag": 3, "change_message": ""}}, {"model": "admin.logentry", "pk": 37, "fields": {"action_time": "2021-05-21T08:01:29.993Z", "user": 1, "content_type": 12, "object_id": "3", "object_repr": "sdfsd sdfsdfs jjjdsvfsf", "action_flag": 3, "change_message": ""}}, {"model": "admin.logentry", "pk": 38, "fields": {"action_time": "2021-05-21T08:01:30.057Z", "user": 1, "content_type": 12, "object_id": "1", "object_repr": "Денис Петровский Дениса Давыдова 10", "action_flag": 3, "change_message": ""}}, {"model": "admin.logentry", "pk": 39, "fields": {"action_time": "2021-05-21T08:02:24.929Z", "user": 1, "content_type": 12, "object_id": "19", "object_repr": "Tatiana Kravchuk Denisa Davidova 10, 25", "action_flag": 3, "change_message": ""}}, {"model": "admin.logentry", "pk": 40, "fields": {"action_time": "2021-05-21T08:37:45.770Z", "user": 1, "content_type": 12, "object_id": "22", "object_repr": "Тимур Иванов Москва, Новый Арбат 10", "action_flag": 3, "change_message": ""}}, {"model": "admin.logentry", "pk": 41, "fields": {"action_time": "2021-05-21T08:37:45.838Z", "user": 1, "content_type": 12, "object_id": "21", "object_repr": "[] 2 4", "action_flag": 3, "change_message": ""}}, {"model": "admin.logentry", "pk": 42, "fields": {"action_time": "2021-05-21T08:37:45.901Z", "user": 1, "content_type": 12, "object_id": "20", "object_repr": "Тимур Иванов Москва, Новый Арбат 10", "action_flag": 3, "change_message": ""}}, {"model": "admin.logentry", "pk": 43, "fields": {"action_time": "2021-05-21T11:32:52.835Z", "user": 1, "content_type": 12, "object_id": "26", "object_repr": "dsfgsd 2 4", "action_flag": 3, "change_message": ""}}, {"model": "admin.logentry", "pk": 44, "fields": {"action_time": "2021-05-21T11:32:52.904Z", "user": 1, "content_type": 12, "object_id": "25", "object_repr": "sdgfsd 2 4", "action_flag": 3, "change_message": ""}}, {"model": "admin.logentry", "pk": 45, "fields": {"action_time": "2021-05-21T11:32:52.968Z", "user": 1, "content_type": 12, "object_id": "24", "object_repr": "null 2 4", "action_flag": 3, "change_message": ""}}, {"model": "admin.logentry", "pk": 46, "fields": {"action_time": "2021-05-21T11:32:53.033Z", "user": 1, "content_type": 12, "object_id": "23", "object_repr": "1 2 4", "action_flag": 3, "change_message": ""}}, {"model": "admin.logentry", "pk": 47, "fields": {"action_time": "2021-05-21T11:40:55.495Z", "user": 1, "content_type": 12, "object_id": "27", "object_repr": "1 2 4", "action_flag": 3, "change_message": ""}}, {"model": "admin.logentry", "pk": 48, "fields": {"action_time": "2021-05-21T12:07:39.205Z", "user": 1, "content_type": 12, "object_id": "31", "object_repr": "Tatiana Kravchuk Denisa Davidova 10, 25", "action_flag": 3, "change_message": ""}}, {"model": "admin.logentry", "pk": 49, "fields": {"action_time": "2021-05-21T12:07:39.272Z", "user": 1, "content_type": 12, "object_id": "30", "object_repr": "Денис Петровский Дениса Давыдова 10, 25", "action_flag": 3, "change_message": ""}}, {"model": "admin.logentry", "pk": 50, "fields": {"action_time": "2021-05-21T12:07:39.334Z", "user": 1, "content_type": 12, "object_id": "29", "object_repr": "Denis Petrovskii Denisa Davidova 10, 25", "action_flag": 3, "change_message": ""}}, {"model": "admin.logentry", "pk": 51, "fields": {"action_time": "2021-05-21T12:07:39.398Z", "user": 1, "content_type": 12, "object_id": "28", "object_repr": "Denis Petrovskii Denisa Davidova 10, 25", "action_flag": 3, "change_message": ""}}, {"model": "admin.logentry", "pk": 52, "fields": {"action_time": "2021-05-21T12:09:15.777Z", "user": 1, "content_type": 12, "object_id": "32", "object_repr": "Денис Петровский Дениса Давыдова 10, 25", "action_flag": 3, "change_message": ""}}, {"model": "admin.logentry", "pk": 53, "fields": {"action_time": "2021-05-21T12:20:41.446Z", "user": 1, "content_type": 12, "object_id": "33", "object_repr": "sdgdgedre 2 4", "action_flag": 3, "change_message": ""}}, {"model": "admin.logentry", "pk": 54, "fields": {"action_time": "2021-05-21T12:23:35.622Z", "user": 1, "content_type": 12, "object_id": "34", "object_repr": "Ltybc 2 4", "action_flag": 3, "change_message": ""}}, {"model": "admin.logentry", "pk": 55, "fields": {"action_time": "2021-05-21T12:49:20.209Z", "user": 1, "content_type": 12, "object_id": "42", "object_repr": "Василий Васильевич Лондон", "action_flag": 3, "change_message": ""}}, {"model": "admin.logentry", "pk": 56, "fields": {"action_time": "2021-05-21T12:49:20.280Z", "user": 1, "content_type": 12, "object_id": "41", "object_repr": "Василий Васильевич Лондон", "action_flag": 3, "change_message": ""}}, {"model": "admin.logentry", "pk": 57, "fields": {"action_time": "2021-05-21T12:49:20.347Z", "user": 1, "content_type": 12, "object_id": "40", "object_repr": "Василий Васильевич Лондон", "action_flag": 3, "change_message": ""}}, {"model": "admin.logentry", "pk": 58, "fields": {"action_time": "2021-05-21T12:49:20.412Z", "user": 1, "content_type": 12, "object_id": "39", "object_repr": "Василий Васильевич Лондон", "action_flag": 3, "change_message": ""}}, {"model": "admin.logentry", "pk": 59, "fields": {"action_time": "2021-05-21T12:49:20.475Z", "user": 1, "content_type": 12, "object_id": "38", "object_repr": "Василий Васильевич Лондон", "action_flag": 3, "change_message": ""}}, {"model": "admin.logentry", "pk": 60, "fields": {"action_time": "2021-05-21T12:49:20.536Z", "user": 1, "content_type": 12, "object_id": "37", "object_repr": "Василий Васильевич Лондон", "action_flag": 3, "change_message": ""}}, {"model": "admin.logentry", "pk": 61, "fields": {"action_time": "2021-05-21T12:49:20.599Z", "user": 1, "content_type": 12, "object_id": "36", "object_repr": "Denis Петровский Дениса Давыдова 10, 25", "action_flag": 3, "change_message": ""}}, {"model": "admin.logentry", "pk": 62, "fields": {"action_time": "2021-05-21T12:49:20.663Z", "user": 1, "content_type": 12, "object_id": "35", "object_repr": "Denis Петровский Дениса Давыдова 10, 25", "action_flag": 3, "change_message": ""}}, {"model": "admin.logentry", "pk": 63, "fields": {"action_time": "2021-05-22T10:43:46.748Z", "user": 1, "content_type": 12, "object_id": "44", "object_repr": "Denis Petrovskii Denisa Davidova 10, 25", "action_flag": 2, "change_message": "[{\"changed\": {\"name\": \"\\u044d\\u043b\\u0435\\u043c\\u0435\\u043d\\u0442 \\u0437\\u0430\\u043a\\u0430\\u0437\\u0430\", \"object\": \"\\u041b\\u043e\\u043d\\u0433 \\u0427\\u0438\\u0437\\u0431\\u0443\\u0440\\u0433\\u0435\\u0440 - Denis Petrovskii Denisa Davidova 10, 25\", \"fields\": [\"\\u0426\\u0435\\u043d\\u0430\"]}}]"}}, {"model": "admin.logentry", "pk": 64, "fields": {"action_time": "2021-05-22T10:57:04.643Z", "user": 1, "content_type": 12, "object_id": "43", "object_repr": "Tatiana Kravchuk Denisa Davidova 10, 25", "action_flag": 2, "change_message": "[{\"changed\": {\"name\": \"\\u044d\\u043b\\u0435\\u043c\\u0435\\u043d\\u0442 \\u0437\\u0430\\u043a\\u0430\\u0437\\u0430\", \"object\": \"\\u041b\\u043e\\u043d\\u0433 \\u0427\\u0438\\u0437\\u0431\\u0443\\u0440\\u0433\\u0435\\u0440 - Tatiana Kravchuk Denisa Davidova 10, 25\", \"fields\": [\"\\u0426\\u0435\\u043d\\u0430\"]}}]"}}, {"model": "admin.logentry", "pk": 65, "fields": {"action_time": "2021-05-22T11:59:03.208Z", "user": 1, "content_type": 12, "object_id": "55", "object_repr": "Denis Petrovskii Denisa Davidova 10, 25", "action_flag": 3, "change_message": ""}}, {"model": "admin.logentry", "pk": 66, "fields": {"action_time": "2021-05-22T11:59:03.275Z", "user": 1, "content_type": 12, "object_id": "54", "object_repr": "Denis Petrovskii Denisa Davidova 10, 25", "action_flag": 3, "change_message": ""}}, {"model": "admin.logentry", "pk": 67, "fields": {"action_time": "2021-05-22T11:59:03.339Z", "user": 1, "content_type": 12, "object_id": "53", "object_repr": "Denis Petrovskii Denisa Davidova 10, 25", "action_flag": 3, "change_message": ""}}, {"model": "admin.logentry", "pk": 68, "fields": {"action_time": "2021-05-22T11:59:03.401Z", "user": 1, "content_type": 12, "object_id": "52", "object_repr": "Denis Petrovskii Denisa Davidova 10, 25", "action_flag": 3, "change_message": ""}}, {"model": "admin.logentry", "pk": 69, "fields": {"action_time": "2021-05-22T11:59:03.472Z", "user": 1, "content_type": 12, "object_id": "51", "object_repr": "Denis Petrovskii Denisa Davidova 10, 25", "action_flag": 3, "change_message": ""}}, {"model": "admin.logentry", "pk": 70, "fields": {"action_time": "2021-05-22T11:59:03.539Z", "user": 1, "content_type": 12, "object_id": "50", "object_repr": "Denis Petrovskii Denisa Davidova 10, 25", "action_flag": 3, "change_message": ""}}, {"model": "admin.logentry", "pk": 71, "fields": {"action_time": "2021-05-22T11:59:03.602Z", "user": 1, "content_type": 12, "object_id": "49", "object_repr": "Denis Petrovskii Denisa Davidova 10, 25", "action_flag": 3, "change_message": ""}}, {"model": "admin.logentry", "pk": 72, "fields": {"action_time": "2021-05-22T11:59:03.669Z", "user": 1, "content_type": 12, "object_id": "48", "object_repr": "Tatiana Kravchuk Denisa Davidova 10, 25", "action_flag": 3, "change_message": ""}}, {"model": "admin.logentry", "pk": 73, "fields": {"action_time": "2021-05-22T11:59:03.731Z", "user": 1, "content_type": 12, "object_id": "47", "object_repr": "Denis Petrovskii Denisa Davidova 10, 25", "action_flag": 3, "change_message": ""}}, {"model": "admin.logentry", "pk": 74, "fields": {"action_time": "2021-05-22T11:59:03.795Z", "user": 1, "content_type": 12, "object_id": "46", "object_repr": "Denis Petrovskii Denisa Davidova 10, 25", "action_flag": 3, "change_message": ""}}, {"model": "admin.logentry", "pk": 75, "fields": {"action_time": "2021-05-22T11:59:03.859Z", "user": 1, "content_type": 12, "object_id": "45", "object_repr": "Denis Petrovskii Denisa Davidova 10, 25", "action_flag": 3, "change_message": ""}}, {"model": "admin.logentry", "pk": 76, "fields": {"action_time": "2021-05-22T11:59:41.819Z", "user": 1, "content_type": 12, "object_id": "56", "object_repr": "Den Petrov Denisa Davidova 10, 25", "action_flag": 2, "change_message": "[{\"changed\": {\"fields\": [\"\\u0418\\u043c\\u044f\", \"\\u0424\\u0430\\u043c\\u0438\\u043b\\u0438\\u044f\"]}}, {\"changed\": {\"name\": \"\\u044d\\u043b\\u0435\\u043c\\u0435\\u043d\\u0442 \\u0437\\u0430\\u043a\\u0430\\u0437\\u0430\", \"object\": \"\\u041b\\u043e\\u043d\\u0433 \\u0427\\u0438\\u0437\\u0431\\u0443\\u0440\\u0433\\u0435\\u0440 - Den Petrov Denisa Davidova 10, 25\", \"fields\": [\"\\u0426\\u0435\\u043d\\u0430\"]}}, {\"changed\": {\"name\": \"\\u044d\\u043b\\u0435\\u043c\\u0435\\u043d\\u0442 \\u0437\\u0430\\u043a\\u0430\\u0437\\u0430\", \"object\": \"\\u0421\\u0442\\u0435\\u0439\\u043a\\u0445\\u0430\\u0443\\u0441 - Den Petrov Denisa Davidova 10, 25\", \"fields\": [\"\\u0426\\u0435\\u043d\\u0430\"]}}]"}}, {"model": "admin.logentry", "pk": 77, "fields": {"action_time": "2021-05-22T12:02:54.002Z", "user": 1, "content_type": 1, "object_id": "2", "object_repr": "Лонг Чизбургер", "action_flag": 2, "change_message": "[{\"changed\": {\"fields\": [\"\\u0426\\u0435\\u043d\\u0430\"]}}]"}}, {"model": "admin.logentry", "pk": 78, "fields": {"action_time": "2021-05-23T08:48:08.586Z", "user": 1, "content_type": 12, "object_id": "60", "object_repr": "awggjdjdghgsbdg b Denisa Davidova 10, 25", "action_flag": 2, "change_message": "[]"}}, {"model": "admin.logentry", "pk": 79, "fields": {"action_time": "2021-05-23T08:51:57.332Z", "user": 1, "content_type": 12, "object_id": "43", "object_repr": "Tatiana Kravchuk Denisa Davidova 10, 25", "action_flag": 2, "change_message": "[]"}}, {"model": "admin.logentry", "pk": 80, "fields": {"action_time": "2021-05-23T08:53:31.522Z", "user": 1, "content_type": 12, "object_id": "44", "object_repr": "Denis Petrovskii Denisa Davidova 10, 25", "action_flag": 2, "change_message": "[]"}}, {"model": "admin.logentry", "pk": 81, "fields": {"action_time": "2021-05-23T08:57:14.264Z", "user": 1, "content_type": 12, "object_id": "43", "object_repr": "Tatiana Kravchuk Denisa Davidova 10, 25", "action_flag": 2, "change_message": "[]"}}, {"model": "admin.logentry", "pk": 82, "fields": {"action_time": "2021-05-23T09:14:54.948Z", "user": 1, "content_type": 12, "object_id": "60", "object_repr": "awggjdjdghgsbdg b Denisa Davidova 10, 25", "action_flag": 2, "change_message": "[]"}}, {"model": "admin.logentry", "pk": 83, "fields": {"action_time": "2021-05-23T09:19:07.899Z", "user": 1, "content_type": 12, "object_id": "43", "object_repr": "Tatiana Kravchuk Denisa Davidova 10, 25", "action_flag": 2, "change_message": "[]"}}, {"model": "admin.logentry", "pk": 84, "fields": {"action_time": "2021-05-23T09:20:36.724Z", "user": 1, "content_type": 12, "object_id": "56", "object_repr": "Den Petrov Denisa Davidova 10, 25", "action_flag": 2, "change_message": "[]"}}, {"model": "admin.logentry", "pk": 85, "fields": {"action_time": "2021-05-23T09:22:04.290Z", "user": 1, "content_type": 12, "object_id": "57", "object_repr": "Denis Petrovskii Denisa Davidova 10, 25", "action_flag": 2, "change_message": "[]"}}, {"model": "admin.logentry", "pk": 86, "fields": {"action_time": "2021-05-23T09:22:52.381Z", "user": 1, "content_type": 12, "object_id": "57", "object_repr": "Denis Petrovskii Denisa Davidova 10, 25", "action_flag": 2, "change_message": "[]"}}, {"model": "admin.logentry", "pk": 87, "fields": {"action_time": "2021-05-23T09:23:41.733Z", "user": 1, "content_type": 12, "object_id": "59", "object_repr": "Denissddtyjaerhys Petrovskiisdgdrhdfth Denisa Davidova 10, 25", "action_flag": 2, "change_message": "[]"}}, {"model": "admin.logentry", "pk": 88, "fields": {"action_time": "2021-05-23T09:24:22.393Z", "user": 1, "content_type": 12, "object_id": "57", "object_repr": "Denis Petrovskii Denisa Davidova 10, 25", "action_flag": 2, "change_message": "[]"}}, {"model": "admin.logentry", "pk": 89, "fields": {"action_time": "2021-05-23T09:24:50.358Z", "user": 1, "content_type": 12, "object_id": "57", "object_repr": "Denis Petrovskii Denisa Davidova 10, 25", "action_flag": 2, "change_message": "[]"}}, {"model": "admin.logentry", "pk": 90, "fields": {"action_time": "2021-05-23T09:43:46.697Z", "user": 1, "content_type": 12, "object_id": "56", "object_repr": "Den Petrov Denisa Davidova 10, 25", "action_flag": 2, "change_message": "[]"}}, {"model": "admin.logentry", "pk": 91, "fields": {"action_time": "2021-05-23T09:46:25.235Z", "user": 1, "content_type": 12, "object_id": "56", "object_repr": "Den Petrov Denisa Davidova 10, 25", "action_flag": 2, "change_message": "[]"}}, {"model": "admin.logentry", "pk": 92, "fields": {"action_time": "2021-05-23T09:47:23.207Z", "user": 1, "content_type": 12, "object_id": "56", "object_repr": "Den Petrov Denisa Davidova 10, 25", "action_flag": 2, "change_message": "[]"}}, {"model": "admin.logentry", "pk": 93, "fields": {"action_time": "2021-05-23T09:48:12.040Z", "user": 1, "content_type": 12, "object_id": "59", "object_repr": "Denissddtyjaerhys Petrovskiisdgdrhdfth Denisa Davidova 10, 25", "action_flag": 2, "change_message": "[]"}}, {"model": "admin.logentry", "pk": 94, "fields": {"action_time": "2021-05-23T09:48:36.740Z", "user": 1, "content_type": 12, "object_id": "59", "object_repr": "Denissddtyjaerhys Petrovskiisdgdrhdfth Denisa Davidova 10, 25", "action_flag": 2, "change_message": "[]"}}, {"model": "admin.logentry", "pk": 95, "fields": {"action_time": "2021-05-23T09:49:22.367Z", "user": 1, "content_type": 12, "object_id": "56", "object_repr": "Den Petrov Denisa Davidova 10, 25", "action_flag": 2, "change_message": "[]"}}, {"model": "admin.logentry", "pk": 96, "fields": {"action_time": "2021-05-23T09:50:21.840Z", "user": 1, "content_type": 12, "object_id": "57", "object_repr": "Denis Petrovskii Denisa Davidova 10, 25", "action_flag": 2, "change_message": "[{\"changed\": {\"name\": \"\\u044d\\u043b\\u0435\\u043c\\u0435\\u043d\\u0442 \\u0437\\u0430\\u043a\\u0430\\u0437\\u0430\", \"object\": \"\\u041b\\u043e\\u043d\\u0433 \\u0427\\u0438\\u0437\\u0431\\u0443\\u0440\\u0433\\u0435\\u0440 - Denis Petrovskii Denisa Davidova 10, 25\", \"fields\": [\"\\u0426\\u0435\\u043d\\u0430\"]}}]"}}, {"model": "admin.logentry", "pk": 97, "fields": {"action_time": "2021-05-23T09:50:29.634Z", "user": 1, "content_type": 12, "object_id": "57", "object_repr": "Denis Petrovskii Denisa Davidova 10, 25", "action_flag": 2, "change_message": "[{\"changed\": {\"name\": \"\\u044d\\u043b\\u0435\\u043c\\u0435\\u043d\\u0442 \\u0437\\u0430\\u043a\\u0430\\u0437\\u0430\", \"object\": \"\\u0421\\u0442\\u0435\\u0439\\u043a\\u0445\\u0430\\u0443\\u0441 - Denis Petrovskii Denisa Davidova 10, 25\", \"fields\": [\"\\u0426\\u0435\\u043d\\u0430\"]}}]"}}, {"model": "admin.logentry", "pk": 98, "fields": {"action_time": "2021-05-23T09:50:42.005Z", "user": 1, "content_type": 12, "object_id": "57", "object_repr": "D P Denisa Davidova 10, 25", "action_flag": 2, "change_message": "[{\"changed\": {\"fields\": [\"\\u0418\\u043c\\u044f\", \"\\u0424\\u0430\\u043c\\u0438\\u043b\\u0438\\u044f\"]}}]"}}, {"model": "admin.logentry", "pk": 99, "fields": {"action_time": "2021-05-23T10:13:52.551Z", "user": 1, "content_type": 12, "object_id": "61", "object_repr": "Tatiana Kravchuk Denisa Davidova 10, 25", "action_flag": 2, "change_message": "[{\"changed\": {\"name\": \"\\u044d\\u043b\\u0435\\u043c\\u0435\\u043d\\u0442 \\u0437\\u0430\\u043a\\u0430\\u0437\\u0430\", \"object\": \"\\u0421\\u0442\\u0435\\u0439\\u043a\\u0445\\u0430\\u0443\\u0441 - Tatiana Kravchuk Denisa Davidova 10, 25\", \"fields\": [\"\\u0426\\u0435\\u043d\\u0430\"]}}, {\"changed\": {\"name\": \"\\u044d\\u043b\\u0435\\u043c\\u0435\\u043d\\u0442 \\u0437\\u0430\\u043a\\u0430\\u0437\\u0430\", \"object\": \"\\u041b\\u043e\\u043d\\u0433 \\u0427\\u0438\\u0437\\u0431\\u0443\\u0440\\u0433\\u0435\\u0440 - Tatiana Kravchuk Denisa Davidova 10, 25\", \"fields\": [\"\\u0426\\u0435\\u043d\\u0430\"]}}, {\"changed\": {\"name\": \"\\u044d\\u043b\\u0435\\u043c\\u0435\\u043d\\u0442 \\u0437\\u0430\\u043a\\u0430\\u0437\\u0430\", \"object\": \"\\u0422\\u0440\\u043e\\u0439\\u043d\\u043e\\u0439 \\u0412\\u043e\\u043f\\u043f\\u0435\\u0440 - Tatiana Kravchuk Denisa Davidova 10, 25\", \"fields\": [\"\\u0426\\u0435\\u043d\\u0430\"]}}]"}}, {"model": "admin.logentry", "pk": 100, "fields": {"action_time": "2021-05-23T10:19:20.350Z", "user": 1, "content_type": 12, "object_id": "43", "object_repr": "Tatiana Kravchuk Denisa Davidova 10, 25", "action_flag": 2, "change_message": "[{\"changed\": {\"fields\": [\"Status\"]}}]"}}, {"model": "admin.logentry", "pk": 101, "fields": {"action_time": "2021-05-23T10:20:55.326Z", "user": 1, "content_type": 12, "object_id": "62", "object_repr": "Denis Petrovskii Denisa Davidova 10, 25", "action_flag": 2, "change_message": "[]"}}, {"model": "admin.logentry", "pk": 102, "fields": {"action_time": "2021-05-23T10:26:34.344Z", "user": 1, "content_type": 12, "object_id": "43", "object_repr": "Tatiana Kravchuk Denisa Davidova 10, 25", "action_flag": 2, "change_message": "[{\"changed\": {\"fields\": [\"\\u041a\\u043e\\u043c\\u043c\\u0435\\u043d\\u0442\\u0430\\u0440\\u0438\\u0439\"]}}]"}}, {"model": "admin.logentry", "pk": 103, "fields": {"action_time": "2021-05-23T10:27:06.670Z", "user": 1, "content_type": 12, "object_id": "61", "object_repr": "Tatiana Kravchuk Denisa Davidova 10, 25", "action_flag": 2, "change_message": "[{\"changed\": {\"fields\": [\"\\u041a\\u043e\\u043c\\u043c\\u0435\\u043d\\u0442\\u0430\\u0440\\u0438\\u0439\"]}}]"}}, {"model": "admin.logentry", "pk": 104, "fields": {"action_time": "2021-05-23T10:40:33.704Z", "user": 1, "content_type": 12, "object_id": "62", "object_repr": "Denis Petrovskii Denisa Davidova 10, 25", "action_flag": 2, "change_message": "[]"}}, {"model": "admin.logentry", "pk": 105, "fields": {"action_time": "2021-05-23T10:44:43.703Z", "user": 1, "content_type": 12, "object_id": "63", "object_repr": "Denis Petrovskii Denisa Davidova 10, 25", "action_flag": 2, "change_message": "[{\"changed\": {\"fields\": [\"\\u0417\\u0430\\u0440\\u0435\\u0433\\u0438\\u0441\\u0442\\u0440\\u0438\\u0440\\u043e\\u0432\\u0430\\u043d\", \"\\u0414\\u0430\\u0442\\u0430 \\u0437\\u0432\\u043e\\u043d\\u043a\\u0430\"]}}]"}}, {"model": "admin.logentry", "pk": 106, "fields": {"action_time": "2021-05-23T10:55:33.893Z", "user": 1, "content_type": 12, "object_id": "59", "object_repr": "Denissddtyjaerhys Petrovskiisdgdrhdfth Denisa Davidova 10, 25", "action_flag": 2, "change_message": "[{\"changed\": {\"fields\": [\"\\u0421\\u043f\\u043e\\u0441\\u043e\\u0431 \\u043e\\u043f\\u043b\\u0430\\u0442\\u044b\"]}}]"}}, {"model": "admin.logentry", "pk": 107, "fields": {"action_time": "2021-05-23T10:55:55.057Z", "user": 1, "content_type": 12, "object_id": "43", "object_repr": "Tatiana Kravchuk Denisa Davidova 10, 25", "action_flag": 2, "change_message": "[{\"changed\": {\"fields\": [\"\\u0421\\u043f\\u043e\\u0441\\u043e\\u0431 \\u043e\\u043f\\u043b\\u0430\\u0442\\u044b\"]}}]"}}, {"model": "admin.logentry", "pk": 108, "fields": {"action_time": "2021-05-23T10:56:09.016Z", "user": 1, "content_type": 12, "object_id": "64", "object_repr": "Denis Petrovskii Denisa Davidova 10, 25", "action_flag": 1, "change_message": "[{\"added\": {}}]"}}, {"model": "admin.logentry", "pk": 109, "fields": {"action_time": "2021-05-23T10:56:36.859Z", "user": 1, "content_type": 12, "object_id": "64", "object_repr": "Denis Petrovskii Denisa Davidova 10, 25", "action_flag": 2, "change_message": "[]"}}, {"model": "admin.logentry", "pk": 110, "fields": {"action_time": "2021-05-23T12:02:17.388Z", "user": 1, "content_type": 12, "object_id": "43", "object_repr": "Tatiana Kravchuk Denisa Davidova 10, 25", "action_flag": 2, "change_message": "[]"}}, {"model": "admin.logentry", "pk": 111, "fields": {"action_time": "2021-05-23T12:17:31.954Z", "user": 1, "content_type": 1, "object_id": "2", "object_repr": "Лонг Чизбургер", "action_flag": 2, "change_message": "[{\"added\": {\"name\": \"\\u043f\\u0443\\u043d\\u043a\\u0442 \\u043c\\u0435\\u043d\\u044e \\u0440\\u0435\\u0441\\u0442\\u043e\\u0440\\u0430\\u043d\\u0430\", \"object\": \"Star Burger \\u0410\\u0440\\u0431\\u0430\\u0442 - \\u041b\\u043e\\u043d\\u0433 \\u0427\\u0438\\u0437\\u0431\\u0443\\u0440\\u0433\\u0435\\u0440\"}}]"}}, {"model": "admin.logentry", "pk": 112, "fields": {"action_time": "2021-05-23T12:24:56.957Z", "user": 1, "content_type": 1, "object_id": "2", "object_repr": "Лонг Чизбургер", "action_flag": 2, "change_message": "[]"}}, {"model": "admin.logentry", "pk": 113, "fields": {"action_time": "2021-05-23T15:51:39.258Z", "user": 1, "content_type": 12, "object_id": "44", "object_repr": "Denis Petrovskii Denisa Davidova 10, 25", "action_flag": 2, "change_message": "[{\"changed\": {\"name\": \"\\u044d\\u043b\\u0435\\u043c\\u0435\\u043d\\u0442 \\u0437\\u0430\\u043a\\u0430\\u0437\\u0430\", \"object\": \"\\u0422\\u0440\\u043e\\u0439\\u043d\\u043e\\u0439 \\u0412\\u043e\\u043f\\u043f\\u0435\\u0440 - Denis Petrovskii Denisa Davidova 10, 25\", \"fields\": [\"\\u041a\\u043e\\u043b\\u0438\\u0447\\u0435\\u0441\\u0442\\u0432\\u043e\"]}}]"}}, {"model": "admin.logentry", "pk": 114, "fields": {"action_time": "2021-05-24T10:48:37.759Z", "user": 1, "content_type": 12, "object_id": "59", "object_repr": "Denissddtyjaerhys Petrovskiisdgdrhdfth Denisa Davidova 10, 25", "action_flag": 3, "change_message": ""}}, {"model": "admin.logentry", "pk": 115, "fields": {"action_time": "2021-05-24T10:49:11.703Z", "user": 1, "content_type": 12, "object_id": "64", "object_repr": "Denis Petrovskii Denisa Davidova 10, 25", "action_flag": 2, "change_message": "[]"}}, {"model": "admin.logentry", "pk": 116, "fields": {"action_time": "2021-05-24T10:53:10.306Z", "user": 1, "content_type": 12, "object_id": "64", "object_repr": "Denis Petrovskii Denisa Davidova 10, 25", "action_flag": 3, "change_message": ""}}, {"model": "admin.logentry", "pk": 117, "fields": {"action_time": "2021-05-24T10:53:10.370Z", "user": 1, "content_type": 12, "object_id": "63", "object_repr": "Denis Petrovskii Denisa Davidova 10, 25", "action_flag": 3, "change_message": ""}}, {"model": "admin.logentry", "pk": 118, "fields": {"action_time": "2021-05-24T10:53:29.634Z", "user": 1, "content_type": 12, "object_id": "58", "object_repr": "Denis Petrovskii Denisa Davidova 10, 25", "action_flag": 3, "change_message": ""}}, {"model": "admin.logentry", "pk": 119, "fields": {"action_time": "2021-05-24T10:53:29.698Z", "user": 1, "content_type": 12, "object_id": "44", "object_repr": "Denis Petrovskii Denisa Davidova 10, 25", "action_flag": 3, "change_message": ""}}, {"model": "admin.logentry", "pk": 120, "fields": {"action_time": "2021-05-24T10:53:29.762Z", "user": 1, "content_type": 12, "object_id": "43", "object_repr": "Tatiana Kravchuk Denisa Davidova 10, 25", "action_flag": 3, "change_message": ""}}, {"model": "admin.logentry", "pk": 121, "fields": {"action_time": "2021-05-24T10:59:40.540Z", "user": 1, "content_type": 1, "object_id": "2", "object_repr": "Лонг Чизбургер", "action_flag": 2, "change_message": "[{\"changed\": {\"name\": \"\\u043f\\u0443\\u043d\\u043a\\u0442 \\u043c\\u0435\\u043d\\u044e \\u0440\\u0435\\u0441\\u0442\\u043e\\u0440\\u0430\\u043d\\u0430\", \"object\": \"Star Burger \\u0410\\u0440\\u0431\\u0430\\u0442 - \\u041b\\u043e\\u043d\\u0433 \\u0427\\u0438\\u0437\\u0431\\u0443\\u0440\\u0433\\u0435\\u0440\", \"fields\": [\"\\u0412 \\u043f\\u0440\\u043e\\u0434\\u0430\\u0436\\u0435\"]}}]"}}, {"model": "admin.logentry", "pk": 122, "fields": {"action_time": "2021-05-29T07:58:59.897Z", "user": 1, "content_type": 12, "object_id": "56", "object_repr": "Den Petrov Denisa Davidova 10, 25", "action_flag": 2, "change_message": "[{\"changed\": {\"fields\": [\"\\u0420\\u0435\\u0441\\u0442\\u043e\\u0440\\u0430\\u043d\"]}}]"}}, {"model": "admin.logentry", "pk": 123, "fields": {"action_time": "2021-05-29T07:59:17.244Z", "user": 1, "content_type": 12, "object_id": "57", "object_repr": "D P Denisa Davidova 10, 25", "action_flag": 2, "change_message": "[{\"changed\": {\"fields\": [\"\\u0420\\u0435\\u0441\\u0442\\u043e\\u0440\\u0430\\u043d\"]}}]"}}, {"model": "admin.logentry", "pk": 124, "fields": {"action_time": "2021-05-29T08:32:33.769Z", "user": 1, "content_type": 12, "object_id": "57", "object_repr": "D P Одинцово Дениса давыдова 10 25", "action_flag": 2, "change_message": "[{\"changed\": {\"fields\": [\"\\u0410\\u0434\\u0440\\u0435\\u0441\"]}}]"}}, {"model": "admin.logentry", "pk": 125, "fields": {"action_time": "2021-05-29T09:05:57.799Z", "user": 1, "content_type": 12, "object_id": "62", "object_repr": "Denis Petrovskii Одинцово Дениса давыдова 10 25", "action_flag": 2, "change_message": "[{\"changed\": {\"fields\": [\"\\u0410\\u0434\\u0440\\u0435\\u0441\"]}}]"}}, {"model": "admin.logentry", "pk": 126, "fields": {"action_time": "2021-05-29T11:39:36.434Z", "user": 1, "content_type": 12, "object_id": "62", "object_repr": "Denis Petrovskii москва Можайское шоссе, 4к1", "action_flag": 2, "change_message": "[{\"changed\": {\"fields\": [\"\\u0410\\u0434\\u0440\\u0435\\u0441\"]}}]"}}, {"model": "admin.logentry", "pk": 127, "fields": {"action_time": "2021-05-29T11:46:17.355Z", "user": 1, "content_type": 12, "object_id": "62", "object_repr": "Denis Petrovskii москва Можайское шоссе, 4к2", "action_flag": 2, "change_message": "[{\"changed\": {\"fields\": [\"\\u0410\\u0434\\u0440\\u0435\\u0441\"]}}]"}}, {"model": "admin.logentry", "pk": 128, "fields": {"action_time": "2021-05-29T11:46:53.545Z", "user": 1, "content_type": 12, "object_id": "62", "object_repr": "Denis Petrovskii москва Герасима Курина, 12к3", "action_flag": 2, "change_message": "[{\"changed\": {\"fields\": [\"\\u0410\\u0434\\u0440\\u0435\\u0441\"]}}]"}}, {"model": "admin.logentry", "pk": 129, "fields": {"action_time": "2021-07-12T17:42:07.093Z", "user": 1, "content_type": 13, "object_id": "12", "object_repr": "лцрфзпаищдподшвм", "action_flag": 1, "change_message": "[{\"added\": {}}]"}}, {"model": "admin.logentry", "pk": 130, "fields": {"action_time": "2021-07-12T17:44:12.387Z", "user": 1, "content_type": 12, "object_id": "65", "object_repr": "Tatiana Kravchuk дыуптжвыьтыдуерзжыатслдовпк", "action_flag": 2, "change_message": "[{\"changed\": {\"fields\": [\"\\u0410\\u0434\\u0440\\u0435\\u0441\"]}}]"}}, {"model": "admin.logentry", "pk": 131, "fields": {"action_time": "2021-07-12T17:47:38.454Z", "user": 1, "content_type": 12, "object_id": "62", "object_repr": "Denis Petrovskii ог09479309щоаушыор9020н", "action_flag": 2, "change_message": "[{\"changed\": {\"fields\": [\"\\u0410\\u0434\\u0440\\u0435\\u0441\"]}}]"}}, {"model": "admin.logentry", "pk": 132, "fields": {"action_time": "2021-07-13T04:31:40.188Z", "user": 1, "content_type": 12, "object_id": "63", "object_repr": "Денис Петровский sdrgkjbweofve984utrgd", "action_flag": 2, "change_message": "[{\"changed\": {\"fields\": [\"\\u0410\\u0434\\u0440\\u0435\\u0441\"]}}]"}}, {"model": "admin.logentry", "pk": 133, "fields": {"action_time": "2021-07-13T04:34:12.653Z", "user": 1, "content_type": 12, "object_id": "64", "object_repr": "Denis Petrovskii 9375yutgjg8438942yfjicd859302w", "action_flag": 2, "change_message": "[{\"changed\": {\"fields\": [\"\\u0410\\u0434\\u0440\\u0435\\u0441\"]}}]"}}, {"model": "admin.logentry", "pk": 134, "fields": {"action_time": "2021-07-13T04:41:26.554Z", "user": 1, "content_type": 12, "object_id": "57", "object_repr": "D P aseeggiwnolnga;f", "action_flag": 2, "change_message": "[{\"changed\": {\"fields\": [\"\\u0410\\u0434\\u0440\\u0435\\u0441\"]}}]"}}, {"model": "admin.logentry", "pk": 135, "fields": {"action_time": "2021-07-13T04:41:47.730Z", "user": 1, "content_type": 12, "object_id": "56", "object_repr": "Den Petrov lacnfsoew30rfcn23i2oinvf m950432p3qjw0acd98v0o34", "action_flag": 2, "change_message": "[{\"changed\": {\"fields\": [\"\\u0410\\u0434\\u0440\\u0435\\u0441\"]}}]"}}, {"model": "admin.logentry", "pk": 136, "fields": {"action_time": "2021-07-13T04:46:39.451Z", "user": 1, "content_type": 12, "object_id": "57", "object_repr": "D P klvnwsil8yrt94o3nfvyc892h3newfsdu8y8hu3o2hwre9fyfh", "action_flag": 2, "change_message": "[{\"changed\": {\"fields\": [\"\\u0410\\u0434\\u0440\\u0435\\u0441\"]}}]"}}, {"model": "admin.logentry", "pk": 137, "fields": {"action_time": "2021-07-13T04:49:26.477Z", "user": 1, "content_type": 12, "object_id": "57", "object_repr": "D P lsdnpgwiu9303rjfevnc289894efbgijw0235et", "action_flag": 2, "change_message": "[{\"changed\": {\"fields\": [\"\\u0410\\u0434\\u0440\\u0435\\u0441\"]}}]"}}, {"model": "admin.logentry", "pk": 138, "fields": {"action_time": "2021-07-13T04:50:45.098Z", "user": 1, "content_type": 12, "object_id": "57", "object_repr": "D P dsnoiu90234thruwsp01824oglrver9092o3i5ht", "action_flag": 2, "change_message": "[{\"changed\": {\"fields\": [\"\\u0410\\u0434\\u0440\\u0435\\u0441\"]}}]"}}, {"model": "admin.logentry", "pk": 139, "fields": {"action_time": "2021-07-13T04:53:16.042Z", "user": 1, "content_type": 12, "object_id": "57", "object_repr": "D P sd;mngpo;qkqdofaepsvmp9034ugjpf2po34566", "action_flag": 2, "change_message": "[{\"changed\": {\"fields\": [\"\\u0410\\u0434\\u0440\\u0435\\u0441\"]}}]"}}, {"model": "admin.logentry", "pk": 140, "fields": {"action_time": "2021-07-13T04:59:37.168Z", "user": 1, "content_type": 12, "object_id": "57", "object_repr": "D P dsrjgwnesfrjefacdli2y3t794ghubvdfjf3u2t74g9ervubch", "action_flag": 2, "change_message": "[{\"changed\": {\"fields\": [\"\\u0410\\u0434\\u0440\\u0435\\u0441\"]}}]"}}, {"model": "admin.logentry", "pk": 141, "fields": {"action_time": "2021-07-15T16:53:01.771Z", "user": 1, "content_type": 12, "object_id": "60", "object_repr": "awggjdjdghgsbdg b Одинцово Дениса давыдова 10", "action_flag": 2, "change_message": "[{\"changed\": {\"fields\": [\"\\u0410\\u0434\\u0440\\u0435\\u0441\"]}}]"}}, {"model": "admin.logentry", "pk": 142, "fields": {"action_time": "2021-07-16T13:10:42.767Z", "user": 1, "content_type": 12, "object_id": "62", "object_repr": "Denis Petrovskii ог09479309щоаушыор9020н", "action_flag": 2, "change_message": "[]"}}, {"model": "auth.permission", "pk": 1, "fields": {"name": "Can add товар", "content_type": 1, "codename": "add_product"}}, {"model": "auth.permission", "pk": 2, "fields": {"name": "Can change товар", "content_type": 1, "codename": "change_product"}}, {"model": "auth.permission", "pk": 3, "fields": {"name": "Can delete товар", "content_type": 1, "codename": "delete_product"}}, {"model": "auth.permission", "pk": 4, "fields": {"name": "Can view товар", "content_type": 1, "codename": "view_product"}}, {"model": "auth.permission", "pk": 5, "fields": {"name": "Can add ресторан", "content_type": 2, "codename": "add_restaurant"}}, {"model": "auth.permission", "pk": 6, "fields": {"name": "Can change ресторан", "content_type": 2, "codename": "change_restaurant"}}, {"model": "auth.permission", "pk": 7, "fields": {"name": "Can delete ресторан", "content_type": 2, "codename": "delete_restaurant"}}, {"model": "auth.permission", "pk": 8, "fields": {"name": "Can view ресторан", "content_type": 2, "codename": "view_restaurant"}}, {"model": "auth.permission", "pk": 9, "fields": {"name": "Can add пункт меню ресторана", "content_type": 3, "codename": "add_restaurantmenuitem"}}, {"model": "auth.permission", "pk": 10, "fields": {"name": "Can change пункт меню ресторана", "content_type": 3, "codename": "change_restaurantmenuitem"}}, {"model": "auth.permission", "pk": 11, "fields": {"name": "Can delete пункт меню ресторана", "content_type": 3, "codename": "delete_restaurantmenuitem"}}, {"model": "auth.permission", "pk": 12, "fields": {"name": "Can view пункт меню ресторана", "content_type": 3, "codename": "view_restaurantmenuitem"}}, {"model": "auth.permission", "pk": 13, "fields": {"name": "Can add категория", "content_type": 4, "codename": "add_productcategory"}}, {"model": "auth.permission", "pk": 14, "fields": {"name": "Can change категория", "content_type": 4, "codename": "change_productcategory"}}, {"model": "auth.permission", "pk": 15, "fields": {"name": "Can delete категория", "content_type": 4, "codename": "delete_productcategory"}}, {"model": "auth.permission", "pk": 16, "fields": {"name": "Can view категория", "content_type": 4, "codename": "view_productcategory"}}, {"model": "auth.permission", "pk": 17, "fields": {"name": "Can add log entry", "content_type": 5, "codename": "add_logentry"}}, {"model": "auth.permission", "pk": 18, "fields": {"name": "Can change log entry", "content_type": 5, "codename": "change_logentry"}}, {"model": "auth.permission", "pk": 19, "fields": {"name": "Can delete log entry", "content_type": 5, "codename": "delete_logentry"}}, {"model": "auth.permission", "pk": 20, "fields": {"name": "Can view log entry", "content_type": 5, "codename": "view_logentry"}}, {"model": "auth.permission", "pk": 21, "fields": {"name": "Can add permission", "content_type": 6, "codename": "add_permission"}}, {"model": "auth.permission", "pk": 22, "fields": {"name": "Can change permission", "content_type": 6, "codename": "change_permission"}}, {"model": "auth.permission", "pk": 23, "fields": {"name": "Can delete permission", "content_type": 6, "codename": "delete_permission"}}, {"model": "auth.permission", "pk": 24, "fields": {"name": "Can view permission", "content_type": 6, "codename": "view_permission"}}, {"model": "auth.permission", "pk": 25, "fields": {"name": "Can add group", "content_type": 7, "codename": "add_group"}}, {"model": "auth.permission", "pk": 26, "fields": {"name": "Can change group", "content_type": 7, "codename": "change_group"}}, {"model": "auth.permission", "pk": 27, "fields": {"name": "Can delete group", "content_type": 7, "codename": "delete_group"}}, {"model": "auth.permission", "pk": 28, "fields": {"name": "Can view group", "content_type": 7, "codename": "view_group"}}, {"model": "auth.permission", "pk": 29, "fields": {"name": "Can add user", "content_type": 8, "codename": "add_user"}}, {"model": "auth.permission", "pk": 30, "fields": {"name": "Can change user", "content_type": 8, "codename": "change_user"}}, {"model": "auth.permission", "pk": 31, "fields": {"name": "Can delete user", "content_type": 8, "codename": "delete_user"}}, {"model": "auth.permission", "pk": 32, "fields": {"name": "Can view user", "content_type": 8, "codename": "view_user"}}, {"model": "auth.permission", "pk": 33, "fields": {"name": "Can add content type", "content_type": 9, "codename": "add_contenttype"}}, {"model": "auth.permission", "pk": 34, "fields": {"name": "Can change content type", "content_type": 9, "codename": "change_contenttype"}}, {"model": "auth.permission", "pk": 35, "fields": {"name": "Can delete content type", "content_type": 9, "codename": "delete_contenttype"}}, {"model": "auth.permission", "pk": 36, "fields": {"name": "Can view content type", "content_type": 9, "codename": "view_contenttype"}}, {"model": "auth.permission", "pk": 37, "fields": {"name": "Can add session", "content_type": 10, "codename": "add_session"}}, {"model": "auth.permission", "pk": 38, "fields": {"name": "Can change session", "content_type": 10, "codename": "change_session"}}, {"model": "auth.permission", "pk": 39, "fields": {"name": "Can delete session", "content_type": 10, "codename": "delete_session"}}, {"model": "auth.permission", "pk": 40, "fields": {"name": "Can view session", "content_type": 10, "codename": "view_session"}}, {"model": "auth.permission", "pk": 41, "fields": {"name": "Can add элемент заказа", "content_type": 11, "codename": "add_orderitem"}}, {"model": "auth.permission", "pk": 42, "fields": {"name": "Can change элемент заказа", "content_type": 11, "codename": "change_orderitem"}}, {"model": "auth.permission", "pk": 43, "fields": {"name": "Can delete элемент заказа", "content_type": 11, "codename": "delete_orderitem"}}, {"model": "auth.permission", "pk": 44, "fields": {"name": "Can view элемент заказа", "content_type": 11, "codename": "view_orderitem"}}, {"model": "auth.permission", "pk": 45, "fields": {"name": "Can add заказ", "content_type": 12, "codename": "add_order"}}, {"model": "auth.permission", "pk": 46, "fields": {"name": "Can change заказ", "content_type": 12, "codename": "change_order"}}, {"model": "auth.permission", "pk": 47, "fields": {"name": "Can delete заказ", "content_type": 12, "codename": "delete_order"}}, {"model": "auth.permission", "pk": 48, "fields": {"name": "Can view заказ", "content_type": 12, "codename": "view_order"}}, {"model": "auth.permission", "pk": 49, "fields": {"name": "Can add place", "content_type": 13, "codename": "add_place"}}, {"model": "auth.permission", "pk": 50, "fields": {"name": "Can change place", "content_type": 13, "codename": "change_place"}}, {"model": "auth.permission", "pk": 51, "fields": {"name": "Can delete place", "content_type": 13, "codename": "delete_place"}}, {"model": "auth.permission", "pk": 52, "fields": {"name": "Can view place", "content_type": 13, "codename": "view_place"}}, {"model": "auth.user", "pk": 1, "fields": {"password": "pbkdf2_sha256$260000$CAR6lqx2TwQYcdUWT3IXOQ$Vx9XKvDEkNvWHHejpfrjHiEKVp+huLLaqRno2Rq1IMU=", "last_login": "2021-07-25T14:15:39.722Z", "is_superuser": true, "username": "denis", "first_name": "", "last_name": "", "email": "", "is_staff": true, "is_active": true, "date_joined": "2021-05-20T07:44:16.897Z", "groups": [], "user_permissions": []}}, {"model": "sessions.session", "pk": "3xz1gnhgrtmfx2h94szc90ihanugv6bc", "fields": {"session_data": ".eJxVjEEOgjAQRe_StWmm0GGoS_eegXRmiqCmTSisjHdXEha6_e-9_zJD3NZp2GpahlnN2Thz-t04yiPlHeg95luxUvK6zGx3xR602mvR9Lwc7t_BFOv0rRvFRND04NoudqjUCYISeQ6k0Ap7jwHGkVCaIA58ciGCkO89M3Jr3h-8wjcN:1m44az:WtdOtgJB0NLwbFl48G3OKKX4agm14kjhTxkw6fG7Fes", "expire_date": "2021-07-29T16:52:21.212Z"}}, {"model": "sessions.session", "pk": "6ne65tse9qcrtdppe2vaprbgy8g9tvgy", "fields": {"session_data": ".eJxVjEEOgjAQRe_StWmm0GGoS_eegXRmiqCmTSisjHdXEha6_e-9_zJD3NZp2GpahlnN2Thz-t04yiPlHeg95luxUvK6zGx3xR602mvR9Lwc7t_BFOv0rRvFRND04NoudqjUCYISeQ6k0Ap7jwHGkVCaIA58ciGCkO89M3Jr3h-8wjcN:1m7eup:KqjOy318-MRKpvrfvpCc4mtSdwyQGwa4gRLJNDnOJ0k", "expire_date": "2021-08-08T14:15:39.829Z"}}, {"model": "sessions.session", "pk": "7w20fo3dqvohymquqeszpm1ajmkft868", "fields": {"session_data": ".eJxVjEEOwiAQRe_C2hAohQ4u3fcMZJgBqRqalHZlvLtt0oVu_3vvv0XAbS1ha2kJE4ur0OLyu0WkZ6oH4AfW-yxprusyRXko8qRNjjOn1-10_w4KtrLXRM5A6jpPkDibqDX0hIhMvjc2ZsM-s-YEQLuhnAPrgZSyQ7TRmkF8vgp_OHU:1ljhxt:pdWoIr5Sm-6f4zUbS8eRjr8S89lCQaUb_twd3n4nvxg", "expire_date": "2021-06-03T12:39:49.798Z"}}, {"model": "sessions.session", "pk": "9a0f46f01ewdt3qdfxfd480yyy2o2lwg", "fields": {"session_data": ".eJxVjEEOgjAQRe_StWmm0GGoS_eegXRmiqCmTSisjHdXEha6_e-9_zJD3NZp2GpahlnN2Thz-t04yiPlHeg95luxUvK6zGx3xR602mvR9Lwc7t_BFOv0rRvFRND04NoudqjUCYISeQ6k0Ap7jwHGkVCaIA58ciGCkO89M3Jr3h-8wjcN:1lmvHi:kCSM1jWUsl4HOZ1fe8SGFZF9cXuW_y7j6Qdihht3jnw", "expire_date": "2021-06-12T09:29:34.227Z"}}, {"model": "sessions.session", "pk": "d32w7679i1zju8j3oye47xqkspnxu77n", "fields": {"session_data": ".eJxVjEEOgjAQRe_StWmm0GGoS_eegXRmiqCmTSisjHdXEha6_e-9_zJD3NZp2GpahlnN2Thz-t04yiPlHeg95luxUvK6zGx3xR602mvR9Lwc7t_BFOv0rRvFRND04NoudqjUCYISeQ6k0Ap7jwHGkVCaIA58ciGCkO89M3Jr3h-8wjcN:1m2ywJ:lsfE7Wbey4pheuqfExaQg_qBKFvm6FCjE4rLxkkix6Y", "expire_date": "2021-07-26T16:37:51.671Z"}}]